<?xml version="1.0" encoding="utf-8" ?>
<dwsync>
<file name="artex1.JPG" server="dotnet.reynolds.edu" local="133129588413322843" remote="133147654700000000" Dst="1" />
<file name="artex10.jpg" server="dotnet.reynolds.edu" local="133146829207358390" remote="133147654710000000" Dst="1" />
<file name="artex11.jpg" server="dotnet.reynolds.edu" local="133146829207628442" remote="133147654710000000" Dst="1" />
<file name="artex12.jpg" server="dotnet.reynolds.edu" local="133146829207932410" remote="133147654710000000" Dst="1" />
<file name="artex13.jpg" server="dotnet.reynolds.edu" local="133146829208513775" remote="133147654730000000" Dst="1" />
<file name="artex14.PNG" server="dotnet.reynolds.edu" local="133146828787033948" remote="133147654770000000" Dst="1" />
<file name="artex15.png" server="dotnet.reynolds.edu" local="133101878591959225" remote="133147654780000000" Dst="1" />
<file name="artex16.JPG" server="dotnet.reynolds.edu" local="133146828786024507" remote="133147654790000000" Dst="1" />
<file name="artex2.jpg" server="dotnet.reynolds.edu" local="133146829541948837" remote="133147654800000000" Dst="1" />
<file name="artex3.jpg" server="dotnet.reynolds.edu" local="133146829620607147" remote="133147654810000000" Dst="1" />
<file name="artex4.jpg" server="dotnet.reynolds.edu" local="133146829666180133" remote="133147654810000000" Dst="1" />
<file name="artex5.jpg" server="dotnet.reynolds.edu" local="133146829714779310" remote="133147654810000000" Dst="1" />
<file name="artex6.jpg" server="dotnet.reynolds.edu" local="133146829752213911" remote="133147654820000000" Dst="1" />
<file name="artex7.jpg" server="dotnet.reynolds.edu" local="133146829780537849" remote="133147654820000000" Dst="1" />
<file name="artex8.jpg" server="dotnet.reynolds.edu" local="133146829797548379" remote="133147654820000000" Dst="1" />
<file name="artex9.jpg" server="dotnet.reynolds.edu" local="133146829207018309" remote="133147654830000000" Dst="1" />
<file name="ceruleanbanner.PNG" server="dotnet.reynolds.edu" local="133100978447157939" remote="133147654830000000" Dst="1" />
<file name="ceruleanprint.jpg" server="dotnet.reynolds.edu" local="133147600517895924" remote="133147654840000000" Dst="1" />
<file name="ceruleanprofilepic.PNG" server="dotnet.reynolds.edu" local="133100978521468462" remote="133147654870000000" Dst="1" />
<file name="diamond.png" server="dotnet.reynolds.edu" local="133146686418682680" remote="133147654870000000" Dst="1" />
<file name="girlpillow.png" server="dotnet.reynolds.edu" local="133147597684165704" remote="133147654870000000" Dst="1" />
<file name="hat.png" server="dotnet.reynolds.edu" local="133147599093820370" remote="133147654870000000" Dst="1" />
<file name="jazzpic.JPG" server="dotnet.reynolds.edu" local="133129588472550741" remote="133147654880000000" Dst="1" />
<file name="shirtex.jpg" server="dotnet.reynolds.edu" local="133146659580739798" remote="133147654880000000" Dst="1" />
<file name="star-pixel-art-free-vector.png" server="dotnet.reynolds.edu" local="133146618174646938" remote="133147654880000000" Dst="1" />
<file name="star-pixel-art-free-vector.webp" server="dotnet.reynolds.edu" local="133146616699693943" remote="133147654880000000" Dst="1" />
<file name="star.png" server="dotnet.reynolds.edu" local="133146711188152465" remote="133147654880000000" Dst="1" />
<file name="starsmall.png" server="dotnet.reynolds.edu" local="133147592174555347" remote="133147654890000000" Dst="1" />
</dwsync>